SequentialCone-2-512 loss,SequentialCone-2-512 acc
0.36859884025047185,0.8229453943739659
0.3150468812584548,0.8525096525096525
