LadderNet-2-512 loss,LadderNet-2-512 acc
0.3101112281393122,0.9170370371253402
0.30023094684989365,0.9192592593475625
0.29593905329704284,0.9192592591709561
